meaning,word1,word2,word3,word4
These methods [ITEM] play an important role in X.,generally,often,always,without a single exception
These methods [ITEM] play an important role in X.,in general,commonly,frequently,sometimes
These methods [ITEM] play an important role in X.,typically,almost always,on the whole,only in the rarest of cases
These methods [ITEM] play an important role in X.,in most cases,usually,occasionally,in some cases
These methods [ITEM] play an important role in X.,always,in general,usually,rarely
These methods [ITEM] play an important role in X.,in some cases,commonly,only in the rarest of cases,generally
These methods [ITEM] play an important role in X.,often,rarely,almost always,in most cases
These methods [ITEM] play an important role in X.,occasionally,sometimes,without a single exception,typically
These methods [ITEM] play an important role in X.,rarely,on the whole,occasionally,frequently
These methods [ITEM] play an important role in X.,in general,on the whole,in some cases,without a single exception
These methods [ITEM] play an important role in X.,typically,commonly,always,in most cases
These methods [ITEM] play an important role in X.,generally,frequently,almost always,usually
These methods [ITEM] play an important role in X.,only in the rarest of cases,sometimes,often,usually
These methods [ITEM] play an important role in X.,on the whole,generally,in most cases,sometimes
These methods [ITEM] play an important role in X.,in some cases,often,typically,frequently
These methods [ITEM] play an important role in X.,always,only in the rarest of cases,occasionally,in general
These methods [ITEM] play an important role in X.,rarely,almost always,commonly,without a single exception
